different,people
used,history
important,way
every,art
large,world
available,information
popular,map
able,two
basic,family
known,government
various,health
difficult,system
several,computer
united,meat
historical,year
hot,thanks
useful,music
mental,person
scared,reading
additional,method
emotional,data
old,food
political,understanding
similar,theory
healthy,law
financial,bird
medical,literature
traditional,problem
federal,software
entire,control
strong,knowledge
actual,power
significant,ability
successful,economics
electrical,love
expensive,internet
pregnant,television
intelligent,science
interesting,library
poor,nature
happy,fact
responsible,product
cute,idea
helpful,temperature
recent,investment
willing,area
nice,society
wonderful,activity
impossible,story
serious,industry
huge,media
rare,thing
technical,oven
typical,community
competitive,definition
critical,safety
electronic,quality
immediate,development
aware,language
educational,management
environmental,player
global,variety
legal,video
relevant,week
accurate,security
capable,country
dangerous,exam
dramatic,movie
efficient,organization
powerful,equipment
foreign,physics
hungry,analysis
practical,policy
psychological,series
severe,thought
suitable,basis
numerous,boyfriend
sufficient,direction
unusual,strategy
consistent,technology
cultural,army
existing,camera
famous,freedom
pure,paper
afraid,environment
obvious,child
careful,instance
latter,month
unhappy,truth
acceptable,marketing
aggressive,university
boring,writing
distinct,article
eastern,department
logical,difference
reasonable,goal
strict,news
administrative,audience
automatic,fishing
civil,growth
former,income
massive,marriage
southern,user
unfair,combination
visible,failure
alive,meaning
angry,medicine
desperate,philosophy
exciting,teacher
friendly,communication
lucky,night
realistic,chemistry
sorry,disease
ugly,disk
unlikely,energy
anxious,nation
comprehensive,road
curious,role
impressive,soup
informal,advertising
inner,location
pleasant,success
sexual,addition
sudden,apartment
terrible,education
unable,math
weak,moment
wooden,painting
asleep,politics
confident,attention
conscious,decision
decent,event
embarrassed,property
guilty,shopping
lonely,student
mad,wood
nervous,competition
odd,distribution
remarkable,entertainment
substantial,office
suspicious,population
tall,president
tiny,unit
more,category
some,cigarette
one,context
all,introduction
many,opportunity
most,performance
other,driver
such,flight
even,length
new,magazine
just,newspaper
good,relationship
any,teaching
each,cell
much,dealer
own,finding
great,lake
another,member
same,message
few,phone
free,scene
right,appearance
still,association
best,concept
public,customer
human,death
both,discussion
local,housing
sure,inflation
better,insurance
general,mood
specific,woman
enough,advice
long,blood
small,effort
less,expression
high,importance
certain,opinion
little,payment
common,reality
next,responsibility
simple,situation
hard,skill
past,statement
big,wealth
possible,application
particular,city
real,county
major,depth
personal,estate
current,foundation
left,grandmother
national,heart
least,perspective
natural,photo
physical,recipe
short,studio
last,topic
single,collection
individual,depression
main,imagination
potential,passion
professional,percentage
international,resource
lower,setting
open,ad
according,agency
alternative,college
special,connection
working,criticism
TRUE,debt
whole,description
clear,memory
dry,patience
easy,secretary
cold,solution
commercial,administration
full,aspect
low,attitude
primary,director
worth,personality
necessary,psychology
positive,recommendation
present,response
close,selection
creative,storage
green,version
late,alcohol
fit,argument
glad,complaint
proper,contract
complex,emphasis
content,highway
due,loss
effective,membership
middle,possession
regular,preparation
fast,steak
independent,union
original,agreement
wide,cancer
beautiful,currency
complete,employment
active,engineering
negative,entry
safe,interaction
visual,mixture
wrong,preference
ago,region
quick,republic
ready,tradition
straight,virus
white,actor
direct,classroom
excellent,delivery
extra,device
junior,difficulty
pretty,drama
unique,election
classic,engine
final,football
overall,guidance
private,hotel
separate,owner
western,priority
alone,protection
familiar,suggestion
official,tension
perfect,variation
bright,anxiety
broad,atmosphere
comfortable,awareness
flat,bath
rich,bread
warm,candidate
young,climate
heavy,comparison
valuable,confusion
correct,construction
leading,elevator
slow,emotion
clean,employee
fresh,employer
normal,guest
secret,height
tough,leadership
brown,mall
cheap,manager
deep,operation
objective,recording
secure,sample
thin,transportation
chemical,charity
cool,cousin
extreme,disaster
exact,editor
fair,efficiency
fine,excitement
formal,extent
opposite,feedback
remote,guitar
total,homework
vast,leader
lost,mom
smooth,outcome
dark,permission
double,presentation
equal,promotion
firm,reflection
frequent,refrigerator
internal,resolution
sensitive,revenue
constant,session
minor,singer
previous,tennis
raw,basket
soft,bonus
solid,cabinet
weird,childhood
amazing,church
annual,clothes
busy,coffee
dead,dinner
FALSE,drawing
round,hair
sharp,hearing
thick,initiative
wise,judgment
equivalent,lab
initial,measurement
narrow,mode
nearby,mud
proud,orange
spiritual,poetry
wild,police
adult,possibility
apart,procedure
brief,queen
crazy,ratio
prior,relation
rough,restaurant
sad,satisfaction
sick,sector
strange,signature
external,significance
illegal,song
loud,tooth
mobile,town
nasty,vehicle
ordinary,volume
royal,wife
senior,accident
super,airport
tight,appointment
upper,arrival
yellow,assumption
dependent,baseball
funny,chapter
gross,committee
ill,conversation
spare,database
sweet,enthusiasm
upstairs,error
usual,explanation
brave,farmer
calm,gate
dirty,girl
downtown,hall
grand,historian
honest,hospital
loose,injury
male,instruction
quiet,maintenance
brilliant,manufacturer
dear,meal
drunk,perception
empty,pie
female,poem
inevitable,presence
neat,proposal
ok,reception
representative,replacement
silly,revolution
slight,river
smart,son
stupid,speech
temporary,tea
weekly,village
that,warning
this,winner
what,worker
which,writer
time,assistance
these,breath
work,buyer
no,chest
only,chocolate
then,conclusion
first,contribution
money,cookie
over,courage
business,dad
his,desk
game,drawer
think,establishment
after,examination
life,garbage
day,grocery
home,honey
economy,impression
away,improvement
either,independence
fat,insect
key,inspection
training,inspector
top,king
level,ladder
far,menu
fun,penalty
house,piano
kind,potato
future,profession
action,professor
live,quantity
period,reaction
subject,requirement
mean,salad
stock,sister
chance,supermarket
beginning,tongue
upset,weakness
chicken,wedding
head,affair
material,ambition
salt,analyst
car,apple
appropriate,assignment
inside,assistant
outside,bathroom
standard,bedroom
medium,beer
choice,birthday
north,celebration
square,championship
born,cheek
capital,client
shot,consequence
front,departure
living,diamond
plastic,dirt
express,ear
feeling,fortune
otherwise,friendship
plus,funeral
savings,gene
animal,girlfriend
budget,hat
minute,indication
character,intention
maximum,lady
novel,midnight
plenty,negotiation
select,obligation
background,passenger
forward,pizza
glass,platform
joint,poet
master,pollution
red,recognition
vegetable,reputation
ideal,shirt
kitchen,sir
mother,speaker
party,stranger
relative,surgery
signal,sympathy
street,tale
connect,throat
minimum,trainer
sea,uncle
south,youth
status,time
daughter,work
hour,film
trick,water
afternoon,money
gold,example
mission,while
agent,business
corner,study
east,game
neither,life
parking,form
routine,air
swimming,day
winter,place
airline,number
designer,part
dress,field
emergency,fish
evening,back
extension,process
holiday,heat
horror,hand
mountain,experience
patient,job
proof,book
west,end
wine,point
expert,type
native,home
opening,economy
silver,value
waste,body
plane,market
leather,guide
purple,interest
specialist,state
bitter,radio
incident,course
motor,company
pretend,price
prize,size
resident,card
,list
,mind
,trade
,line
,care
,group
,risk
,word
,fat
,force
,key
,light
,training
,name
,school
,top
,amount
,level
,order
,practice
,research
,sense
,service
,piece
,web
,boss
,sport
,fun
,house
,page
,term
,test
,answer
,sound
,focus
,matter
,kind
,soil
,board
,oil
,picture
,access
,garden
,range
,rate
,reason
,future
,site
,demand
,exercise
,image
,case
,cause
,coast
,action
,age
,bad
,boat
,record
,result
,section
,building
,mouse
,cash
,class
,nothing
,period
,plan
,store
,tax
,side
,subject
,space
,rule
,stock
,weather
,chance
,figure
,man
,model
,source
,beginning
,earth
,program
,chicken
,design
,feature
,head
,material
,purpose
,question
,rock
,salt
,act
,birth
,car
,dog
,object
,scale
,sun
,note
,profit
,rent
,speed
,style
,war
,bank
,craft
,half
,inside
,outside
,standard
,bus
,exchange
,eye
,fire
,position
,pressure
,stress
,advantage
,benefit
,box
,frame
,issue
,step
,cycle
,face
,item
,metal
,paint
,review
,room
,screen
,structure
,view
,account
,ball
,discipline
,medium
,share
,balance
,bit
,black
,bottom
,choice
,gift
,impact
,machine
,shape
,tool
,wind
,address
,average
,career
,culture
,morning
,pot
,sign
,table
,task
,condition
,contact
,credit
,egg
,hope
,ice
,network
,north
,square
,attempt
,date
,effect
,link
,post
,star
,voice
,capital
,challenge
,friend
,self
,shot
,brush
,couple
,debate
,exit
,front
,function
,lack
,living
,plant
,plastic
,spot
,summer
,taste
,theme
,track
,wing
,brain
,button
,click
,desire
,foot
,gas
,influence
,notice
,rain
,wall
,base
,damage
,distance
,feeling
,pair
,savings
,staff
,sugar
,target
,text
,animal
,author
,budget
,discount
,file
,ground
,lesson
,minute
,officer
,phase
,reference
,register
,sky
,stage
,stick
,title
,trouble
,bowl
,bridge
,campaign
,character
,club
,edge
,evidence
,fan
,letter
,lock
,maximum
,novel
,option
,pack
,park
,plenty
,quarter
,skin
,sort
,weight
,baby
,background
,carry
,dish
,factor
,fruit
,glass
,joint
,master
,muscle
,red
,strength
,traffic
,trip
,vegetable
,appeal
,chart
,gear
,ideal
,kitchen
,land
,log
,mother
,net
,party
,principle
,relative
,sale
,season
,signal
,spirit
,street
,tree
,wave
,belt
,bench
,commission
,copy
,drop
,minimum
,path
,progress
,project
,sea
,south
,status
,stuff
,ticket
,tour
,angle
,blue
,breakfast
,confidence
,daughter
,degree
,doctor
,dot
,dream
,duty
,essay
,father
,fee
,finance
,hour
,juice
,limit
,luck
,milk
,mouth
,peace
,pipe
,seat
,stable
,storm
,substance
,team
,trick
,afternoon
,bat
,beach
,blank
,catch
,chain
,consideration
,cream
,crew
,detail
,gold
,interview
,kid
,mark
,match
,mission
,pain
,pleasure
,score
,screw
,sex
,shop
,shower
,suit
,tone
,window
,agent
,band
,block
,bone
,calendar
,cap
,coat
,contest
,corner
,court
,cup
,district
,door
,east
,finger
,garage
,guarantee
,hole
,hook
,implement
,layer
,lecture
,lie
,manner
,meeting
,nose
,parking
,partner
,profile
,respect
,rice
,routine
,schedule
,swimming
,telephone
,tip
,winter
,airline
,bag
,battle
,bed
,bill
,bother
,cake
,code
,curve
,designer
,dimension
,dress
,ease
,emergency
,evening
,extension
,farm
,fight
,gap
,grade
,holiday
,horror
,horse
,host
,husband
,loan
,mistake
,mountain
,nail
,noise
,occasion
,package
,patient
,pause
,phrase
,proof
,race
,relief
,sand
,sentence
,shoulder
,smoke
,stomach
,string
,tourist
,towel
,vacation
,west
,wheel
,wine
,arm
,aside
,associate
,bet
,blow
,border
,branch
,breast
,brother
,buddy
,bunch
,chip
,coach
,cross
,document
,draft
,dust
,expert
,floor
,god
,golf
,habit
,iron
,judge
,knife
,landscape
,league
,mail
,mess
,native
,opening
,parent
,pattern
,pin
,pool
,pound
,request
,salary
,shame
,shelter
,shoe
,silver
,tackle
,tank
,trust
,assist
,bake
,bar
,bell
,bike
,blame
,boy
,brick
,chair
,closet
,clue
,collar
,comment
,conference
,devil
,diet
,fear
,fuel
,glove
,jacket
,lunch
,monitor
,mortgage
,nurse
,pace
,panic
,peak
,plane
,reward
,row
,sandwich
,shock
,spite
,spray
,surprise
,till
,transition
,weekend
,welcome
,yard
,alarm
,bend
,bicycle
,bite
,blind
,bottle
,cable
,candle
,clerk
,cloud
,concert
,counter
,flower
,grandfather
,harm
,knee
,lawyer
,leather
,load
,mirror
,neck
,pension
,plate
,purple
,ruin
,ship
,skirt
,slice
,snow
,specialist
,stroke
,switch
,trash
,tune
,zone
,anger
,award
,bid
,bitter
,boot
,bug
,camp
,candy
,carpet
,cat
,champion
,channel
,clock
,comfort
,cow
,crack
,engineer
,entrance
,fault
,grass
,guy
,hell
,highlight
,incident
,island
,joke
,jury
,leg
,lip
,mate
,motor
,nerve
,passage
,pen
,pride
,priest
,prize
,promise
,resident
,resort
,ring
,roof
,rope
,sail
,scheme
,script
,sock
,station
,toe
,tower
,truck
,witness
,a
,you
,it
,can
,will
,if
,one
,many
,most
,other
,use
,make
,good
,look
,help
,go
,great
,being
,few
,might
,still
,public
,read
,keep
,start
,give
,human
,local
,general
,she
,specific
,long
,play
,feel
,high
,tonight
,put
,common
,set
,change
,simple
,past
,big
,possible
,particular
,today
,major
,personal
,current
,national
,cut
,natural
,physical
,show
,try
,check
,second
,call
,move
,pay
,let
,increase
,single
,individual
,turn
,ask
,buy
,guard
,hold
,main
,offer
,potential
,professional
,international
,travel
,cook
,alternative
,following
,special
,working
,whole
,dance
,excuse
,cold
,commercial
,low
,purchase
,deal
,primary
,worth
,fall
,necessary
,positive
,produce
,search
,present
,spend
,talk
,creative
,tell
,cost
,drive
,green
,support
,glad
,remove
,return
,run
,complex
,due
,effective
,middle
,regular
,reserve
,independent
,leave
,original
,reach
,rest
,serve
,watch
,beautiful
,charge
,active
,break
,negative
,safe
,stay
,visit
,visual
,affect
,cover
,report
,rise
,walk
,white
,beyond
,junior
,pick
,unique
,anything
,classic
,final
,lift
,mix
,private
,stop
,teach
,western
,concern
,familiar
,fly
,official
,broad
,comfortable
,gain
,maybe
,rich
,save
,stand
,young
,fail
,heavy
,hello
,lead
,listen
,valuable
,worry
,handle
,leading
,meet
,release
,sell
,finish
,normal
,press
,ride
,secret
,spread
,spring
,tough
,wait
,brown
,deep
,display
,flow
,hit
,objective
,shoot
,touch
,cancel
,chemical
,cry
,dump
,extreme
,push
,conflict
,eat
,fill
,formal
,jump
,kick
,opposite
,pass
,pitch
,remote
,total
,treat
,vast
,abuse
,beat
,burn
,deposit
,print
,raise
,sleep
,somewhere
,advance
,anywhere
,consist
,dark
,double
,draw
,equal
,fix
,hire
,internal
,join
,kill
,sensitive
,tap
,win
,attack
,claim
,constant
,drag
,drink
,guess
,minor
,pull
,raw
,soft
,solid
,wear
,weird
,wonder
,annual
,count
,dead
,doubt
,feed
,forever
,impress
,nobody
,repeat
,round
,sing
,slide
,strip
,whereas
,wish
,combine
,command
,dig
,divide
,equivalent
,hang
,hunt
,initial
,march
,mention
,smell
,spiritual
,survey
,tie
,adult
,brief
,crazy
,escape
,gather
,hate
,prior
,repair
,rough
,sad
,scratch
,sick
,strike
,employ
,external
,hurt
,illegal
,laugh
,lay
,mobile
,nasty
,ordinary
,respond
,royal
,senior
,split
,strain
,struggle
,swim
,train
,upper
,wash
,yellow
,convert
,crash
,dependent
,fold
,funny
,grab
,hide
,miss
,permit
,quote
,recover
,resolve
,roll
,sink
,slip
,spare
,suspect
,sweet
,swing
,twist
,upstairs
,usual
,abroad
,brave
,calm
,concentrate
,estimate
,grand
,male
,mine
,prompt
,quiet
,refuse
,regret
,reveal
,rush
,shake
,shift
,shine
,steal
,suck
,surround
,anybody
,bear
,brilliant
,dare
,dear
,delay
,drunk
,female
,hurry
,inevitable
,invite
,kiss
,neat
,pop
,punch
,quit
,reply
,representative
,resist
,rip
,rub
,silly
,smile
,spell
,stretch
,stupid
,tear
,temporary
,tomorrow
,wake
,wrap
,yesterday